id_servicio,descripcion,tipoServicio,precioUnitario,cantidad,totalServicio
51,ensamble vestido,2,860.000000,25,1.000000
54,boton camisa,2,145.000000,120,1.000000
60,cambio boton,2,70.000000,10,1.000000
63,boton camisa,2,145.000000,120,1.000000
72,boton camisa,2,145.000000,60,1.000000
73,cambio boton,2,70.000000,25,1.000000
74,ensamble vestido,2,860.000000,15,1.000000
