id_servicio,descripcion,tipoServicio,precioUnitario,cantidad,totalServicio
52,costura correa mochila,3,450.250000,60,27015.000000
55,forro piloto,3,324.660004,0,0.000000
56,vicera,3,450.000000,0,0.000000
57,costura remera,3,650.000000,60,39000.000000
58,ensamble bolso,3,450.250000,80,36020.000000
64,ensamble bolso,3,450.250000,50,22512.000000
66,forro campera,3,365.600006,0,0.000000
68,vicera,3,450.000000,0,0.000000
71,ensamble bolso,3,450.250000,40,18010.000000
